date,social_post_count,social_engagement,social_risk_score,social_bullish_count,social_bearish_count,social_geopolitics_count,social_source_count,social_platforms
2026-05-04,8,16,0.625,3,1,6,2.0,"lemmy,mastodon"
2026-05-05,6,19,0.25,1,1,1,3.0,"hackernews,lemmy,mastodon"
2026-05-06,11,33,0.4090909090909091,5,2,8,2.0,"lemmy,mastodon"
2026-05-07,15,169,0.5833333333333334,4,3,12,3.0,"hackernews,lemmy,mastodon"
2026-05-08,13,74,0.4230769230769231,3,2,9,4.0,"hackernews,lemmy,mastodon,reddit"
2026-05-09,9,117,0.3055555555555556,0,1,6,3.0,"lemmy,mastodon,reddit"
2026-05-10,10,2427,0.45,0,1,8,4.0,"hackernews,lemmy,mastodon,reddit"
2026-05-11,68,409,0.1911764705882352,7,2,36,3.0,"lemmy,mastodon,reddit"
2026-05-12,101,1800,0.3193069306930693,14,6,64,2.0,"mastodon,reddit"
2026-05-14,0,0,0.0,0,0,0,0.0,
